pdb_id,karma_score,karma_score_ff,karma_score_aligned
Z1255485274,12.717105865478516,11.947803497314451,10.950891494750977
Z57102382,13.762255668640137,14.25989818572998,11.338037490844728
Z1631505638,22.979022979736328,21.670583724975582,19.33561134338379
Z1614451557,36.78392028808594,31.836524963378903,24.460742950439453
Z3041521404,35.39625549316406,31.453861236572266,30.492820739746094
Z1216815730,9.898704528808594,7.784329414367676,8.68677043914795
Z2681891483,27.488832473754883,26.09476661682129,25.427490234375
Z104474964,18.40062141418457,17.191858291625977,12.802322387695312
Z1575271347,21.043100357055664,18.50264549255371,18.153751373291016
Z1530532758,22.309398651123047,19.924020767211918,19.757976531982425
Z239864852,29.293624877929688,26.102134704589844,24.228498458862305
Z56886396,25.239723205566406,18.198617935180664,26.956478118896484
Z227834786,20.315587997436523,14.905253410339355,20.273591995239254
Z2681891229,21.497188568115234,21.57401657104492,19.97708511352539
Z384975088,15.38135051727295,13.637309074401855,13.8539400100708
Z57170530,39.48851776123047,32.46266174316406,26.44948959350586
Z2242062189,29.30294418334961,26.980907440185547,27.58318519592285
Z2210694608,24.8313102722168,22.633846282958984,19.11770439147949
Z56763920,18.64843368530273,16.962793350219727,15.66236972808838
Z57664869,23.0355167388916,18.755842208862305,20.255016326904297
Z1551900340,17.455068588256836,15.956948280334473,13.71776008605957
Z3014475009,33.50323867797852,30.947450637817383,32.74300765991211
Z3234799722,19.73220443725586,18.544153213500977,9.60577392578125
Z1696860003,32.827030181884766,33.63176727294922,28.28288078308105
Z104476766,20.146902084350582,19.639183044433597,16.2628173828125
Z1501480416,24.533679962158203,20.41546440124512,18.80802345275879
Z1741977097,35.38479995727539,28.538375854492188,27.85501289367676
Z33546369,7.970135688781738,7.125121116638184,7.004942417144775
Z666296432,18.48930549621582,16.857873916625977,14.746984481811523
Z2681891170,11.017041206359863,9.581510543823242,9.871953964233398
Z1530532754,33.95829772949219,28.45338630676269,26.106353759765625
Z99601262,14.654974937438965,15.2620267868042,14.316598892211914
Z2588040168,36.41128921508789,33.46533966064453,32.764522552490234
Z90350374,26.952791213989254,25.87074851989746,20.48526382446289
Z756390288,26.402420043945312,23.444543838500977,24.23434829711914
Z594284200,21.782501220703125,23.07835578918457,21.192258834838867
Z1147451717,11.326881408691406,10.365330696105955,10.601815223693848
Z2756516844,39.06298065185547,35.867618560791016,33.33742141723633
Z57198680,19.71709442138672,16.371315002441406,18.01244354248047
Z1511495258,25.469934463500977,23.224184036254883,22.650691986083984
Z2901807455,13.82254409790039,13.871011734008787,11.650928497314451
Z2185274784,30.05391311645508,27.664175033569336,22.68433952331543
Z2681892608,13.555781364440918,14.243889808654783,11.884931564331056
Z104496566,15.576496124267578,14.536279678344728,12.900113105773926
Z3241270511,34.99217224121094,30.645957946777344,26.901830673217773
Z1575278780,21.558603286743164,18.246965408325195,15.10977554321289
Z1521553843,18.44551467895508,24.0780029296875,22.2573356628418
Z1151174635,19.088401794433597,15.252127647399902,18.97680282592773
Z1431321925,35.977012634277344,37.44232177734375,33.414249420166016
Z1563146038,18.10745048522949,13.686664581298828,12.42025375366211
Z57127446,14.738821029663086,12.167593955993652,13.56759548187256
Z756440078,30.25429916381836,29.15764617919922,27.613094329833984
Z2768168341,16.046632766723633,13.904889106750488,14.692662239074709
Z138288808,18.936054229736328,17.45387840270996,12.462278366088867
Z3025678941,31.872413635253903,27.416183471679688,23.073566436767575
Z19674825,21.53328895568848,17.551809310913086,17.3342342376709
Z911465460,18.565465927124023,17.630666732788086,17.81850242614746
Z1741970251,23.37652015686035,19.257226943969727,15.922024726867676
Z104480436,16.90001678466797,15.304627418518066,15.142099380493164
Z3235136057,28.40113639831543,29.39805030822754,26.32389259338379
Z1544404024,23.06802749633789,22.673730850219727,19.222028732299805
Z2568723556,53.18105697631836,52.95022201538086,52.15483474731445
Z57281900,19.562725067138672,16.876962661743164,16.33889389038086
Z56347209,17.211977005004883,17.393117904663086,16.918296813964844
Z1888397835,27.247034072875977,24.340375900268555,25.399097442626957
Z754931264,21.81693458557129,23.915267944335938,24.65672874450684
Z2235801952,38.63597106933594,37.25071716308594,40.10660552978516
Z55682028,20.625986099243164,19.904346466064453,18.661640167236328
Z1255434759,10.847652435302734,10.952863693237305,8.654057502746582
Z2568664267,33.801483154296875,33.41825485229492,27.1292724609375
Z68563450,28.446556091308597,24.37125587463379,25.61254119873047
Z1515383340,23.27465438842773,23.44077682495117,23.26997756958008
Z2587996977,31.8763484954834,27.677322387695312,22.916919708251957
Z1741972992,13.542677879333496,12.18896770477295,11.53625202178955
Z2569867923,36.1529541015625,34.52128982543945,33.99729537963867
Z56791187,38.550174713134766,35.19429397583008,35.260311126708984
Z1203577934,6.4351911544799805,4.798120975494385,5.504657745361328
Z1259021151,18.16379165649414,18.54337882995605,16.940101623535156
Z1258938406,28.64443016052246,28.125961303710938,22.31465148925781
Z1545310764,21.415225982666016,20.18160820007324,16.772705078125
Z2756516768,34.23481750488281,30.863344192504883,27.15265655517578
Z1198723489,13.899961471557615,15.044757843017578,12.37734317779541
Z2235801890,27.48741340637207,25.51087951660156,24.90937805175781
Z56768517,21.87285423278809,23.406953811645508,19.247865676879883
Z54178706,13.068992614746094,12.163506507873535,12.114617347717283
Z1544404032,42.04140472412109,38.541263580322266,31.396221160888672
Z56854345,15.759544372558594,15.011896133422852,13.403284072875977
Z2238899644,32.69733810424805,32.09757232666016,27.064210891723636
Z2429420872,21.61994361877441,22.10445213317871,19.738134384155277
Z1954804578,17.625818252563477,17.712461471557617,18.14994239807129
Z1515385080,19.889955520629883,20.199462890625,15.892091751098633
Z1521553846,34.371761322021484,24.904865264892575,22.677114486694336
Z104474594,14.841235160827637,8.61009407043457,10.189397811889648
Z1515383338,36.05048370361328,36.70507049560547,34.309181213378906
Z56785257,34.40840530395508,32.12584686279297,31.590896606445312
Z1878131003,19.349231719970703,16.11174774169922,16.360868453979492
Z995084132,10.314132690429688,8.730738639831543,9.703121185302734
Z1530425070,21.04348564147949,21.425731658935547,19.57375717163086
Z56791867,22.54095268249512,23.053977966308597,22.72550773620605
Z2242067488,15.065303802490234,13.177602767944336,13.69237232208252
Z1575267190,22.2249755859375,17.07748794555664,15.964916229248049
Z2588038928,32.02774810791016,32.44948959350586,21.75472068786621
Z2235811518,23.673566818237305,22.80705070495605,26.580848693847656
Z1541632803,22.49956321716309,22.68529510498047,22.395383834838867
Z104472524,20.02501678466797,13.198790550231934,11.054604530334473
Z1521553721,21.886951446533203,21.28825187683105,20.87234115600586
Z1255434943,20.76799964904785,17.021404266357422,16.67347526550293
Z56922127,22.576152801513672,20.44729995727539,20.45155334472656
Z754931256,19.0214786529541,19.198993682861328,14.781169891357422
Z104508106,17.43095588684082,18.855712890625,17.75562286376953
Z104478412,17.552825927734375,14.225752830505373,15.776710510253906
Z1544404499,22.88901901245117,21.59309196472168,21.932111740112305
Z608061562,23.862001419067383,18.56788444519043,19.638790130615234
Z2239078678,15.656829833984377,14.291208267211914,11.32425308227539
Z955123660,7.177591800689697,4.56198263168335,4.768627166748047
Z2681892428,27.471189498901367,23.67539596557617,22.73212432861328
Z2227698469,38.06940841674805,34.33787155151367,26.90677833557129
Z1589255958,27.24888801574707,23.809158325195312,23.460845947265625
Z1980444595,25.427032470703125,24.195905685424805,18.28870010375977
Z1201620684,22.49467658996582,19.94155502319336,20.415136337280277
Z57036282,16.494707107543945,14.693284034729004,14.414727210998535
Z2568666690,29.851192474365234,30.148351669311523,24.829120635986328
Z1255438834,10.902803421020508,8.639283180236816,10.39732551574707
Z2379810072,24.85635757446289,25.065229415893555,21.488290786743164
Z2301684749,42.32793045043945,38.91318893432617,36.94080352783203
Z1255430959,15.705716133117676,14.869623184204102,15.17013168334961
Z2235811384,36.135498046875,32.972171783447266,31.135217666625977
Z1695759754,18.019975662231445,13.897581100463867,15.538969993591309
Z2312950560,24.067243576049805,21.143945693969727,20.30150032043457
Z2235811577,42.26140213012695,40.63477325439453,45.374759674072266
Z2033589790,29.860105514526367,29.01253318786621,29.666261672973636
Z106952910,15.76776885986328,13.408823013305664,10.648956298828123
Z2037281001,30.432167053222656,28.679412841796875,22.06343460083008
Z2315576259,19.7661075592041,17.331819534301758,18.362548828125
Z2569257770,19.586368560791016,18.38775062561035,19.555858612060547
Z1530425068,18.33426856994629,19.376983642578125,20.12660789489746
Z68590124,17.376461029052734,15.52736759185791,15.128857612609863
Z1379303659,35.47175216674805,31.201175689697266,28.681781768798828
Z203045352,24.33177947998047,21.663461685180664,22.09006690979004
Z2216894329,49.89840316772461,44.51451873779297,43.171993255615234
Z1198148417,21.95313835144043,21.376977920532227,21.439735412597656
Z2417817741,14.415432929992676,12.979570388793944,12.110862731933594
Z2204459563,25.69487571716309,22.603858947753903,26.325883865356445
Z756429958,10.701187133789062,8.681558609008789,11.377440452575684
Z2568587997,21.583457946777344,20.57567405700684,18.54041862487793
Z756424454,25.461503982543945,24.3633975982666,21.381193161010746
Z2216887910,38.39165878295898,36.37559127807617,35.357418060302734
Z802864938,20.982177734375,18.50235366821289,15.581175804138184
Z2235811583,32.86814498901367,29.51326942443848,20.75578498840332
Z360145318,17.004859924316406,15.96446132659912,14.302361488342283
Z2588040192,30.004194259643555,26.569494247436523,29.056058883666992
Z2216900850,17.77530860900879,17.996051788330078,17.28278160095215
Z1509504366,22.811384201049805,20.844417572021484,21.94886779785156
Z1713449471,16.136869430541992,15.994237899780272,19.69048500061035
Z1541758605,45.07710647583008,41.336456298828125,35.46071243286133
Z382721012,20.594221115112305,15.814096450805664,17.958642959594727
Z3013814504,24.70301055908203,24.151182174682617,22.65627670288086
Z2235811595,34.38601303100586,34.982521057128906,32.65251159667969
Z2327235567,41.18059158325195,39.11662673950195,18.36810302734375
Z2037279612,38.5460319519043,34.78056716918945,29.22391891479492
Z2568644345,29.124755859375,27.91887092590332,32.65935516357422
Z2315574782,26.52555656433105,23.28311920166016,23.971206665039062
Z1741981540,18.93962860107422,16.42374038696289,15.774699211120604
Z1515385071,23.322633743286133,23.010366439819336,23.25705909729004
Z33546644,17.84769058227539,14.423264503479004,12.91506004333496
Z1501480421,35.1142578125,30.898178100585938,25.202959060668945
Z1269175922,19.41018486022949,13.573542594909668,15.83802604675293
Z89264780,18.739463806152344,19.83559226989746,14.335457801818848
Z1198155509,12.205164909362791,9.461030006408691,10.216998100280762
Z2216885233,21.30064010620117,20.87679481506348,20.046850204467773
Z104500700,22.48884010314941,20.615219116210938,22.39156913757324
Z1590783391,37.84653091430664,33.9865837097168,34.4217414855957
Z2235802088,41.68858337402344,39.1592025756836,37.15025329589844
Z2235802070,39.06117248535156,35.32185363769531,35.20226287841797
Z19674820,15.111002922058104,13.825364112854004,15.043286323547363
Z56755828,23.1396484375,22.14750862121582,20.93514060974121
Z1486001934,17.124021530151367,15.567290306091309,15.4749116897583
Z1255383207,19.02346420288086,15.549474716186523,18.683549880981445
Z2512157889,32.17462921142578,31.81612014770508,30.75144386291504
Z2568700088,27.172042846679688,26.794363021850582,19.788986206054688
Z57063156,17.987777709960938,21.731983184814453,19.786808013916016
Z905065772,18.34140014648437,18.216073989868164,18.82296371459961
Z905162656,22.269819259643555,16.026723861694336,18.55990219116211
Z1741979718,17.85145378112793,16.79821014404297,15.94871711730957
Z2301683487,32.97214889526367,32.919429779052734,29.117063522338867
Z760035162,9.841464042663574,7.164433002471924,7.498513698577881
Z2238930991,11.604779243469238,10.339836120605469,10.757976531982422
Z2194031487,34.52473831176758,35.30245590209961,23.59422874450684
Z2235802036,27.37012481689453,20.371740341186523,20.216306686401367
Z51093246,32.455345153808594,31.88186454772949,30.32999992370605
Z2574927435,10.36359977722168,9.016277313232422,8.607818603515625
Z57161790,16.63069725036621,16.401779174804688,15.790379524230955
Z1541759504,27.684329986572266,26.82211303710937,25.951101303100582
Z1557407006,23.42888641357422,25.40869903564453,19.25846099853516
Z756440064,17.40186309814453,14.62008285522461,15.06096076965332
Z104474028,13.908818244934082,13.398401260375977,12.302245140075684
Z104477706,18.393070220947266,16.189680099487305,18.007001876831055
Z1269224929,18.779170989990234,14.436482429504396,15.056418418884276
Z2654188035,24.488130569458008,27.13011741638184,24.255823135375977
Z2235802137,41.93085479736328,35.06741714477539,27.26435089111328
Z1521553906,33.70427703857422,29.382219314575195,25.393817901611328
Z57473348,21.98377227783203,19.27117347717285,17.963268280029297
Z2074910255,29.78687858581543,28.271026611328125,26.577491760253903
Z1511499171,21.922176361083984,22.3221378326416,23.597557067871094
Z2412194967,20.6070499420166,18.020734786987305,14.861611366271973
Z2216896219,37.98226165771485,37.93538665771485,35.72286605834961
Z57965636,18.94068145751953,16.761272430419922,16.926773071289062
Z756440046,18.38233184814453,17.244693756103516,14.21757984161377
Z1070067572,9.700011253356934,7.43235445022583,6.405978679656982
Z1544404028,22.910388946533203,22.25323486328125,22.23631477355957
Z732250592,29.34513092041016,27.87149429321289,24.533906936645508
Z1201618106,14.210548400878906,10.92317008972168,11.129281044006348
Z57169486,17.965896606445312,14.191628456115724,14.820527076721191
Z1544404029,42.31451034545898,36.14065933227539,26.12089729309082
Z1198150037,15.180173873901367,12.404341697692873,14.205992698669434
Z1546616193,25.376150131225582,25.448650360107425,26.284860610961918
Z2289798095,17.440702438354492,16.223947525024414,13.00645923614502
Z2512157873,42.95710372924805,39.51688003540039,39.13022613525391
Z2235802006,18.09266662597656,19.08504676818848,15.676323890686035
Z56347248,24.25395774841309,20.14837074279785,22.345815658569336
Z1552187007,19.750896453857425,19.576435089111328,19.21589088439941
Z2315575049,11.437941551208496,12.303751945495604,11.40208339691162
Z1172235745,32.63025665283203,28.86659812927246,30.31194877624512
Z2196311755,27.492403030395508,24.63429450988769,23.257747650146484
Z1551967090,35.53767013549805,30.22546768188477,24.836837768554688
Z2568665949,32.64303970336914,31.094093322753903,22.157514572143555
Z2315575190,12.913414001464844,10.92181396484375,8.053011894226074
Z1741977144,40.15742874145508,37.94878387451172,31.03351783752441
Z1551900491,41.19291687011719,29.491586685180664,42.494998931884766
Z56790573,18.02019500732422,16.406551361083984,17.10123062133789
Z1546616196,34.12009811401367,32.1346549987793,28.01928329467773
Z1546621749,55.59262847900391,50.83004379272461,48.1416244506836
Z1550675464,14.903023719787598,13.31205940246582,10.973496437072754
Z1269124804,14.965149879455566,12.73875904083252,14.177535057067873
Z1879263740,23.010231018066406,23.41144180297852,22.60187721252441
Z1501480412,20.85078811645508,20.82280731201172,17.754840850830078
Z275128052,14.2957763671875,11.60470199584961,11.622597694396973
Z87001357,27.28838157653809,26.3917236328125,25.23479652404785
Z2681891576,17.02587890625,15.38558578491211,15.284682273864746
Z432085130,24.0767765045166,25.13588523864746,21.582054138183597
Z2569864568,27.78453063964844,23.74333381652832,20.713830947875977
Z56755651,25.275644302368164,25.49269294738769,21.66240119934082
Z1546610476,48.268890380859375,41.038848876953125,33.57445526123047
Z1741970429,15.027814865112305,13.550975799560549,13.501459121704102
Z33546463,16.685150146484375,13.668148040771484,14.616436004638672
Z1515385085,27.472606658935547,25.571542739868164,27.97977638244629
Z2583141806,30.27779960632324,29.32568359375,24.026508331298828
Z2939838603,38.41331481933594,39.07950592041016,25.970298767089844
Z3234966609,24.50968360900879,23.333423614501957,19.003358840942383
Z2065671138,27.16548538208008,25.19536590576172,25.28888511657715
Z1546610478,19.97615623474121,15.57187271118164,18.17122459411621
Z104473192,14.169028282165527,14.168380737304688,12.424363136291504
Z3025867248,34.84421157836914,32.16440963745117,26.06243133544922
Z1541759748,14.151217460632324,12.433899879455566,14.522067070007324
Z1603854590,25.69236946105957,21.78601837158203,18.23076820373535
Z2311574250,22.492420196533203,17.596372604370117,17.448379516601562
Z212055564,25.31828117370605,19.26636505126953,19.526899337768555
Z256708526,20.796411514282227,15.150754928588867,14.894886016845703
Z1546610486,55.792667388916016,52.94603729248047,58.208126068115234
Z1515376765,33.045345306396484,28.96925926208496,22.59612846374512
Z1203159860,13.08933162689209,12.51442050933838,12.327335357666016
Z1741979085,17.769451141357422,16.929014205932617,17.638607025146484
Z1532717445,45.02236175537109,41.866493225097656,43.2354621887207
Z60744762,25.713285446166992,22.96497344970703,19.26167106628418
Z2289798161,23.42622375488281,23.129159927368164,17.174049377441406
Z53037954,24.85418510437012,22.278833389282227,17.388879776000977
Z103710848,10.528200149536133,9.49513053894043,9.706180572509766
Z2235801948,46.64303970336914,48.49602127075195,53.97433853149414
Z600425176,10.032668113708496,9.178442001342772,8.271406173706055
Z1541638524,22.198509216308597,21.592294692993164,18.15475082397461
Z2238899645,37.73711013793945,36.53110504150391,27.38715934753418
Z1521553597,29.471473693847656,26.77949333190918,27.796123504638672
Z1741980843,22.942813873291016,19.57659149169922,18.274873733520508
Z732242712,19.56331825256348,17.262691497802734,16.074153900146484
Z2583154272,45.74332427978516,44.34612274169922,31.17256164550781
Z2235802141,45.754051208496094,37.60893249511719,32.58509063720703
Z1741977125,23.68205451965332,21.46621322631836,20.520660400390625
Z1255523427,32.599544525146484,31.666484832763672,27.14263153076172
Z1515376764,58.04705810546875,52.67122650146485,41.410911560058594
Z57206005,19.860280990600582,19.84196281433105,19.286035537719727
Z56821893,19.193172454833984,19.534915924072266,19.81904411315918
Z995240796,23.82865524291992,19.642297744750977,20.28842544555664
Z1550648760,28.27848625183105,24.111549377441406,22.283218383789062
Z754918916,22.74092483520508,23.997774124145508,23.9459285736084
Z1147215595,12.058003425598145,10.51523780822754,8.020214080810547
Z2512157852,47.62384414672852,50.83304977416992,48.55105972290039
Z2511727314,29.700708389282227,27.148042678833008,27.19558334350586
Z784767764,37.411075592041016,36.62002944946289,33.72589492797852
Z104493598,22.464696884155277,22.4539852142334,20.868371963500977
Z372953774,26.044788360595703,25.723188400268555,23.28835678100586
Z2569809969,25.12894058227539,22.868144989013672,22.410362243652344
Z2044783305,19.588058471679688,16.608245849609375,16.47555923461914
Z2315582665,21.070959091186523,20.25533103942871,14.367840766906738
Z1554101876,39.140323638916016,38.09540939331055,33.47220993041992
Z2417819627,33.885433197021484,31.37912368774414,29.769512176513672
Z2065417924,48.33708572387695,45.512840270996094,54.73234939575195
Z2574927887,25.915966033935547,23.518266677856445,20.58961296081543
Z1255488813,17.074758529663086,15.345945358276367,16.01948356628418
Z104475620,11.943552017211914,11.493656158447266,10.82651424407959
Z2235801884,36.55714797973633,33.40030288696289,32.77155303955078
Z1501475009,30.411151885986328,28.61405563354492,24.952959060668945
Z2588038940,25.342294692993164,25.092926025390625,24.71696281433105
Z3064247938,44.33050155639648,43.92942428588867,32.74419021606445
Z28251506,17.722509384155273,17.344078063964844,15.896842002868652
Z2108699066,35.25798416137695,36.278465270996094,26.090232849121094
Z1546610471,20.240955352783203,19.764101028442383,20.913877487182617
Z2660640472,18.256452560424805,15.249175071716309,16.089082717895508
Z1201624655,15.998899459838867,12.23678970336914,13.220577239990234
Z1501480428,30.63205909729004,27.721702575683597,27.47188186645508
Z1546624231,27.42389297485352,26.301666259765625,25.36894416809082
Z1137167677,30.28515625,29.06857681274414,25.468338012695312
Z608353988,30.10342788696289,24.80661964416504,25.17237663269043
Z2242164637,46.4134407043457,45.78044128417969,31.335390090942383
Z3243814856,32.43332290649414,29.86487579345703,32.10652160644531
Z3675381442,43.0889892578125,41.43360137939453,39.05320739746094
Z2177958148,22.033159255981445,20.919050216674805,22.38754272460937
Z104473910,9.756988525390623,11.256293296813965,12.777680397033691
Z1556051334,16.575716018676758,15.535650253295898,13.106966972351074
Z2271075295,27.611202239990234,25.223228454589844,24.52818489074707
Z1255431434,13.47722339630127,12.703786849975586,11.284201622009276
Z1537048897,17.2530574798584,17.162906646728516,16.053089141845703
Z54953371,16.875993728637695,17.985898971557617,15.289392471313477
Z1741977993,24.75742530822754,23.134410858154297,25.92034912109375
Z995094004,17.74625587463379,14.862893104553224,13.972241401672363
Z1546610479,32.4649658203125,32.10580825805664,33.1210823059082
Z276508890,10.028324127197266,11.138272285461426,10.153688430786133
Z2588063484,19.747514724731445,18.17583274841309,17.640188217163086
Z1541759893,27.02425765991211,26.15253448486328,24.13382339477539
Z1269163651,19.660009384155277,17.93221092224121,21.33554458618164
Z104479700,14.476993560791016,13.54734706878662,11.838638305664062
Z104476194,15.098873138427734,14.58555507659912,12.169926643371582
Z1551900487,30.576887130737305,30.698436737060547,28.551904678344727
Z106938868,6.923593997955322,5.583653926849365,6.09771728515625
Z199040762,28.392719268798828,26.49758720397949,25.05718421936035
Z3243811539,34.78871154785156,31.797311782836918,24.767675399780277
Z1515385087,32.194583892822266,30.745471954345703,29.83392143249512
Z1172912933,38.00911712646485,33.114688873291016,31.54594993591309
Z1501485364,21.56285858154297,20.352087020874023,18.523927688598636
Z54757159,26.110219955444336,23.30757522583008,18.348018646240234
Z2315575242,22.575824737548828,20.57208633422852,14.472512245178224
Z2037280227,41.1492919921875,41.25740814208984,45.66385269165039
Z50145861,15.611129760742188,14.5081787109375,15.041691780090332
Z3247611631,27.257566452026367,28.49423217773437,22.071866989135746
Z1255390865,19.842952728271484,16.461313247680664,14.253305435180664
Z104474598,14.510026931762695,12.178062438964844,11.70229148864746
Z57127532,12.206550598144531,11.607203483581545,10.328737258911133
Z381079728,18.8890323638916,17.83489227294922,14.718769073486328
Z2185279095,29.552169799804688,33.781707763671875,33.08565902709961
Z2681892022,26.08123207092285,19.214773178100582,16.64292335510254
Z1162463430,16.69706916809082,16.331268310546875,17.716588973999023
Z2568726960,42.43539047241211,35.92075729370117,30.9429874420166
Z3041510169,39.83519744873047,40.30348205566406,34.04109191894531
Z1255415511,14.875279426574709,14.30128288269043,14.816648483276367
Z1541759495,27.72328758239746,27.72713661193848,23.86550521850586
Z1824566854,36.74613571166992,36.97492980957031,33.38934326171875
Z1089994842,13.54386043548584,14.57931137084961,12.851641654968262
Z56791687,19.932615280151367,17.373117446899414,18.95005798339844
Z2240938942,31.62672615051269,32.741546630859375,23.257617950439453
Z2235801970,37.423152923583984,35.644065856933594,36.22129821777344
Z756440052,12.884005546569824,12.400768280029297,10.060566902160645
Z2235801903,25.7143611907959,21.18373107910156,20.84936141967773
Z2242006187,32.25372695922852,33.13758850097656,32.38042449951172
Z1741968269,40.2651596069336,34.202354431152344,30.217819213867188
Z3041510496,19.14055633544922,17.977893829345703,13.9008150100708
Z2724205326,30.02635383605957,30.25637626647949,25.13618850708008
Z104343004,14.619893074035645,10.912883758544922,11.111690521240234
Z2575039413,18.81197929382324,15.66109848022461,15.853382110595703
Z56922155,19.41262435913086,18.497507095336918,18.0299015045166
Z1424590960,28.21797752380371,24.200803756713867,24.57193946838379
Z1617901127,18.12559509277344,15.81403350830078,15.300301551818848
Z2037280409,42.31316757202149,41.714134216308594,42.14632034301758
Z56784896,32.76970291137695,30.75956916809082,29.71533966064453
Z2768171875,22.25672149658203,16.97079086303711,15.719239234924316
Z813019058,8.472750663757324,8.135790824890137,7.908078670501709
Z104472626,20.623779296875,18.12457275390625,18.859588623046875
Z1530425063,25.0192813873291,20.598487854003903,22.25244903564453
Z56754489,17.54352569580078,19.33514213562012,18.5200252532959
Z56865289,9.44729232788086,7.1722564697265625,7.749841213226318
Z104473570,11.11457633972168,9.854462623596191,8.84310531616211
Z1198155412,11.174442291259766,10.601476669311523,10.330320358276367
Z3041519356,26.78959846496582,20.495197296142575,23.66842269897461
Z1521553473,28.29728889465332,27.65483856201172,28.03054428100586
Z1521554005,17.21531105041504,12.681961059570312,15.152957916259766
Z1530532759,35.93164825439453,31.508655548095703,28.860031127929688
Z1201617125,8.286314964294434,8.27966594696045,9.050875663757324
Z1515385088,33.250057220458984,27.416593551635746,24.56610679626465
Z2588038907,27.169647216796875,27.449546813964844,24.020925521850582
Z1501480424,37.10097122192383,33.14427947998047,29.98612403869629
Z32409934,20.727764129638672,19.117326736450195,17.332868576049805
Z1521553984,17.062728881835938,16.961681365966797,15.136600494384766
Z1541759904,44.16741943359375,38.51646423339844,30.785409927368164
Z2289798098,8.939993858337402,8.968182563781738,8.799348831176758
Z2312626081,33.040069580078125,29.432435989379883,23.14663314819336
Z2050011174,11.327048301696776,10.056279182434082,11.253212928771973
Z56755859,17.133682250976562,14.014617919921877,14.736330032348633
Z2315576239,24.899173736572266,22.913469314575195,21.287830352783203
Z778141968,27.437633514404297,26.58098793029785,25.658222198486328
Z398538014,23.021949768066406,23.05443954467773,17.690916061401367
Z2681891234,33.81379699707031,29.812686920166016,30.58647918701172
Z84655412,28.786846160888672,26.39625740051269,21.58177757263184
Z1575081875,21.682209014892575,21.37989044189453,19.76231384277344
Z19703590,16.011398315429688,14.453094482421877,14.397927284240724
Z1521553472,25.454051971435547,23.827281951904297,22.302488327026367
Z57127480,14.485695838928224,12.763916015625,13.860546112060549
Z164707762,20.66514587402344,19.95725440979004,19.9116153717041
Z2241984977,22.41060256958008,21.768739700317383,25.207651138305664
Z1554104509,33.02506637573242,28.049850463867188,27.55510139465332
Z1443584665,29.170011520385746,24.198354721069336,27.94059562683105
Z2953646389,35.23369598388672,31.71755027770996,32.575626373291016
Z1532717444,17.776960372924805,16.37577247619629,15.869215965270996
Z1551429722,12.349766731262209,9.330977439880373,8.685491561889648
Z3234892128,25.95997428894043,23.545372009277344,21.589284896850582
Z2696918787,19.62585830688477,18.92393684387207,15.711896896362305
Z203045518,16.523908615112305,16.48738670349121,16.01759147644043
Z118438370,22.93222045898437,19.953405380249023,20.634685516357425
Z104486690,14.864709854125977,14.359944343566896,13.42782211303711
Z2681891866,44.35615158081055,41.45490264892578,31.24483871459961
Z756442196,17.75402069091797,16.367576599121094,15.292349815368652
Z2235801980,27.81804656982422,27.999252319335938,23.62363624572754
Z1552195936,22.113937377929688,18.05875015258789,19.78554916381836
Z1521553714,30.60012626647949,28.219770431518555,27.18828010559082
Z57127464,12.97986888885498,12.12819766998291,12.413567543029783
Z2681892420,21.57720184326172,22.953393936157227,20.028106689453125
Z53833638,17.63884925842285,16.290512084960938,15.650419235229492
Z1544404944,28.084726333618164,28.561107635498047,27.02116203308105
Z641623606,12.52134609222412,11.682931900024414,9.96081829071045
Z1255372738,12.72885036468506,11.10698127746582,10.874882698059082
Z1201619321,11.377212524414062,11.119324684143066,10.065972328186035
Z756424446,25.02237319946289,23.17190170288086,19.56053733825684
Z594284202,8.83884048461914,7.094237804412842,7.5686469078063965
Z3071621361,19.413196563720703,20.310640335083008,18.16719055175781
Z1508914616,17.24411964416504,17.67550277709961,15.067853927612305
Z1695709473,16.826148986816406,15.756298065185549,16.21808433532715
Z104474576,14.670003890991213,9.936574935913086,10.067571640014648
Z1521553720,32.86064147949219,34.39399337768555,24.87436866760254
Z2301684748,46.94304275512695,31.161231994628903,32.585777282714844
Z2146566713,41.81144332885742,38.3682975769043,39.90131759643555
Z2568751224,27.16954231262207,24.993677139282227,26.498687744140625
Z2756516923,39.65953826904297,37.97614669799805,31.71732521057129
Z1521553578,21.679012298583984,20.440393447875977,21.426494598388672
Z90121066,20.62360572814941,18.13028335571289,16.48184585571289
Z2177953192,28.43606185913086,26.85923957824707,28.064373016357425
Z57160197,17.545835494995117,16.385177612304688,16.154762268066406
Z1541759910,20.281879425048828,20.226381301879883,17.93890953063965
Z90121065,17.317062377929688,15.909724235534668,14.220254898071287
Z2587996962,37.16219711303711,35.70888137817383,36.38908004760742
Z1501485366,39.53636932373047,34.518150329589844,32.28810119628906
Z53845223,15.75980281829834,14.832371711730955,14.877965927124023
Z111872342,16.571447372436523,15.304420471191406,15.691729545593262
Z927192062,15.970166206359863,14.425312995910645,14.755934715270996
Z1552161470,25.687484741210938,21.03253746032715,22.824054718017575
Z1565440332,30.17772102355957,27.078500747680664,20.3260498046875
Z1521553599,34.5117301940918,36.892578125,30.253795623779297
Z56763819,16.60014533996582,16.40175437927246,13.905396461486816
Z104473830,13.259930610656738,12.463536262512209,12.251190185546877
Z1741976994,44.16309356689453,35.83331680297852,29.014747619628903
Z2216898922,28.9868106842041,27.128393173217773,25.190353393554688
Z1201621875,13.693610191345217,14.54063320159912,13.885756492614746
Z104489074,14.427659034729004,12.649901390075684,16.7382755279541
Z56871821,16.719940185546875,15.414624214172363,13.156156539916992
Z1741976976,34.213558197021484,31.85597801208496,27.5499210357666
Z1741977105,40.03255462646485,30.844711303710938,25.709692001342773
Z2037281404,18.02231979370117,15.56698226928711,16.463478088378906
Z1590781983,23.076780319213867,20.64307403564453,18.628328323364254
Z53833636,14.515378952026367,13.39423942565918,11.603363037109377
Z1248763315,32.361507415771484,31.530811309814453,28.04331970214844
Z56771118,12.273573875427246,13.588499069213867,13.63982391357422
Z1557494602,19.386947631835938,18.25970268249512,17.726858139038086
Z594284196,21.353376388549805,22.79793930053711,20.9796199798584
Z3245419176,16.531658172607422,15.870894432067873,12.16094207763672
Z57931197,19.06810760498047,16.129701614379883,14.562698364257812
Z594284186,33.868743896484375,36.715667724609375,31.42070960998535
Z1530532762,38.75925827026367,39.15196228027344,28.59112930297852
Z56926518,16.86843490600586,14.56764030456543,14.503012657165527
Z1546621741,15.474989891052246,15.354912757873535,13.50997543334961
Z1269145833,12.606760025024414,12.642810821533203,11.574297904968262
Z2756516821,15.811117172241213,18.082977294921875,16.41779136657715
Z1583387379,8.6222562789917,7.961131572723389,7.915656089782715
Z1501480422,51.34231185913086,52.94436264038086,42.7950325012207
Z608353986,36.36571502685547,34.68103790283203,32.75717544555664
Z2568699261,35.30666732788086,30.55347442626953,28.554521560668945
Z2235802254,36.55469131469727,36.06049346923828,37.577880859375
Z600425184,35.55340576171875,33.51162338256836,30.99039459228516
Z1741981513,29.36503219604492,28.69222450256348,25.435009002685547
Z1551967349,31.67827796936035,27.877138137817383,22.65005111694336
Z756440074,12.609545707702637,10.5050048828125,11.533783912658691
Z2867120994,11.60504150390625,9.82116413116455,10.800189971923828
Z3223588754,17.838481903076172,17.81231689453125,18.00978660583496
Z234895185,40.76697540283203,40.54254150390625,38.39142227172852
Z3292113945,23.806663513183597,22.17652130126953,20.15996360778809
Z2681891941,39.33274841308594,36.79881286621094,32.401885986328125
Z104474032,13.66919994354248,13.411986351013184,13.866496086120604
Z1521553991,24.459566116333008,22.395915985107425,21.157094955444336
Z2196311163,25.3048152923584,22.853443145751957,19.638710021972656
Z3014322079,43.32220458984375,40.51791763305664,35.80141067504883
Z56841337,20.21926498413086,20.254892349243164,20.92369270324707
Z1501485369,28.244186401367188,24.43491554260254,22.76984596252441
Z1515383337,29.82201194763184,30.540746688842773,30.46367073059082
Z2568721846,33.30024337768555,32.93729019165039,24.543777465820312
Z3041534037,26.852022171020508,24.48628616333008,23.97893524169922
Z1691545280,11.739017486572266,11.25799560546875,11.12911605834961
Z49560608,14.12520694732666,14.772605895996094,13.929429054260254
Z1741982549,37.6955680847168,38.179534912109375,30.557640075683597
Z111479786,19.00708770751953,17.358257293701172,15.420644760131836
Z2285376546,32.27750015258789,29.98103904724121,29.53703117370605
Z1508915075,19.84267234802246,17.512155532836914,18.276716232299805
Z3031460626,29.73750877380371,29.273683547973636,23.437973022460938
Z44530398,16.245464324951172,17.993404388427734,14.151507377624512
Z104473594,16.934043884277344,14.437149047851562,14.60349178314209
Z3244598618,33.78790664672852,33.534019470214844,23.171329498291016
Z1546616202,43.02165985107422,32.92399215698242,38.25643157958984
Z1255390571,11.692707061767578,9.834343910217283,8.363401412963867
Z1544404500,23.463037490844727,22.843130111694336,17.988630294799805
Z1304065033,42.94672393798828,38.082305908203125,35.90377426147461
Z1556052559,27.30013656616211,21.15419006347656,20.23294448852539
Z1255360592,14.205254554748535,11.31429672241211,9.92178440093994
Z49562666,17.464601516723633,14.648736000061035,16.28317642211914
Z2301684895,20.2806339263916,16.27393913269043,18.95792388916016
Z57257314,20.882530212402344,19.14182472229004,14.00257682800293
Z2037281108,21.64562225341797,24.011213302612305,21.463741302490234
Z1509637175,20.5853271484375,19.297409057617188,22.141054153442383
Z2756516968,21.852081298828125,18.78229331970215,18.228008270263672
Z2065671685,23.746511459350582,23.17656135559082,22.43467712402344
Z104473818,14.961492538452148,13.712757110595703,14.355120658874512
Z1267773750,12.561832427978516,10.382210731506348,11.632122993469238
Z56804486,29.30198860168457,30.89480781555176,27.578828811645508
Z57127551,15.907170295715332,10.526934623718262,10.7055025100708
Z1741982628,24.17536735534668,22.91716194152832,18.81456756591797
Z2568748600,32.70713806152344,33.849849700927734,27.82746124267578
Z1550648753,23.145618438720703,22.19918632507324,21.119857788085938
Z1521553474,22.64055824279785,21.863059997558597,23.102439880371094
Z1255415481,9.093267440795898,8.07119369506836,8.132664680480957
Z991547388,10.78242301940918,9.941628456115724,9.657471656799316
Z56782585,25.410079956054688,23.86848258972168,25.18826675415039
Z2235802217,37.03312683105469,32.97783660888672,30.101463317871094
Z56762888,18.27510452270508,17.445268630981445,16.91455841064453
Z1255435426,12.201921463012695,10.258173942565918,10.138792991638184
Z1954805523,22.13956451416016,22.848190307617188,19.53064346313477
Z2588040194,27.33380889892578,27.3435173034668,21.38558387756348
Z57127477,15.667840957641602,14.682173728942873,13.232230186462402
Z1590790198,30.858966827392575,31.55916786193848,29.37620735168457
Z276509110,19.7120304107666,17.13056755065918,15.884440422058104
Z56872184,11.533936500549316,9.818095207214355,9.3047456741333
Z756391526,14.479399681091309,11.081425666809082,11.850764274597168
Z2241982440,30.52873992919922,29.903871536254883,24.262489318847656
Z314598824,18.463703155517575,12.57754135131836,15.12264633178711
Z2756516862,32.44329071044922,29.772754669189453,25.076988220214844
Z2683233771,38.2009391784668,35.806365966796875,30.748889923095703
Z1302446275,47.09835433959961,44.68205642700195,42.74737548828125
Z2216887941,36.805908203125,38.07475280761719,34.034175872802734
Z381346304,17.62101936340332,18.73344612121582,16.85779571533203
Z1828098700,50.24931716918945,49.12606048583984,33.94114685058594
Z210803762,22.386499404907227,20.702077865600582,18.265735626220703
Z2312380776,24.673751831054688,21.0147647857666,22.86861991882324
Z3041510078,26.62702751159668,22.693124771118164,21.940887451171875
Z285140914,21.860525131225582,19.66818046569824,19.86839485168457
Z1501485357,19.314929962158203,17.065954208374023,17.92217445373535
Z1501485367,26.800878524780277,27.793590545654297,25.799257278442383
Z1575099375,44.15657806396485,38.26449203491211,35.50756072998047
Z2037279821,23.213451385498047,19.083961486816406,21.03477668762207
Z2568666661,35.077659606933594,28.87240028381348,27.89858055114746
Z56755709,15.704537391662598,10.784655570983888,11.85782527923584
Z1198150288,23.763139724731445,21.620065689086918,21.83626747131348
Z2235801995,36.29864883422852,34.0177001953125,26.42082977294922
Z1546616194,21.562105178833008,19.315380096435547,19.848682403564453
Z2379810087,20.237707138061523,18.30850982666016,18.93523979187012
Z324590202,20.380393981933597,21.9237117767334,20.089618682861328
Z4168286686,40.31978988647461,35.574459075927734,32.92950439453125
Z104473974,18.390640258789062,16.55898666381836,16.253719329833984
Z1954802504,18.75105094909668,16.815410614013672,13.351405143737791
Z2235801892,25.69627571105957,26.00335693359375,22.604097366333008
Z1203577925,15.441774368286133,13.586356163024902,12.623013496398926
Z1541759909,38.26511764526367,34.70103454589844,33.76954650878906
Z2588038967,41.25597381591797,42.15044784545898,34.68073272705078
Z3407753879,40.40289688110352,36.58195877075195,34.65414810180664
Z104474494,7.418438911437988,6.507541179656982,6.574610233306885
Z2636644167,42.01244735717773,31.62335205078125,28.717220306396484
Z2768168188,9.005602836608887,8.898103713989258,9.049246788024902
Z1198152903,14.195114135742188,13.091206550598145,11.41792106628418
Z2756516943,22.052398681640625,18.58283233642578,18.300439834594727
Z1544404943,26.351957321166992,22.761043548583984,22.38325309753418
Z291799028,18.923809051513672,16.134902954101562,18.397445678710938
Z945806150,18.55523109436035,18.217924118041992,18.412084579467773
Z2242061948,14.298320770263672,15.646571159362791,12.82432460784912
Z1541760033,42.18766784667969,36.10968399047852,31.388458251953125
Z1557501642,23.653303146362305,21.265539169311523,22.960613250732425
Z752915492,12.700610160827637,8.104657173156738,10.712564468383787
Z2235802071,24.748159408569336,22.259740829467773,22.82849884033203
Z800191876,24.4240779876709,21.857088088989254,21.65098190307617
Z1269201561,10.228119850158691,8.944334983825684,9.569730758666992
Z1258932192,43.23654556274414,36.88665008544922,30.62056541442871
Z1546621742,36.19719314575195,35.6367301940918,28.45304107666016
Z56175413,21.167524337768555,17.757291793823242,15.952796936035156
Z2574931930,20.59744071960449,16.953693389892578,17.747480392456055
Z1172269406,37.6644172668457,32.927207946777344,33.85871124267578
Z2756516861,14.59507942199707,12.72184944152832,12.953636169433594
Z1551967334,38.63449096679688,38.87392807006836,30.32991600036621
Z1544404498,21.87871742248535,20.74543571472168,21.03226852416992
Z2756516876,23.759689331054688,24.33441925048828,26.75851058959961
Z56946051,16.717912673950195,15.431415557861328,15.590896606445312
Z2791720087,34.020721435546875,32.23191833496094,25.76890182495117
Z373586944,25.12373161315918,23.66693687438965,20.914873123168945
Z104474430,17.132287979125977,16.350811004638672,17.642515182495117
Z667612124,24.92340850830078,22.022594451904297,21.175630569458008
Z728800602,13.849139213562012,13.00810432434082,10.680435180664062
Z2512943095,50.28847122192383,44.49100875854492,54.73733901977539
Z2235801899,45.61805725097656,48.43821716308594,38.11266708374024
Z1515381509,31.366779327392575,27.271533966064453,25.731508255004883
Z19825582,18.0396728515625,15.25528335571289,15.419977188110352
Z56933707,27.175228118896484,26.868003845214844,27.723079681396484
Z3400110582,27.25615119934082,26.69568634033203,26.17403221130371
Z57152562,17.62987518310547,16.322418212890625,17.2072696685791
Z1269145528,18.288875579833984,18.16280746459961,17.906047821044922
Z1541662176,32.82915496826172,32.852317810058594,29.738754272460938
Z1695906783,17.203428268432617,14.732378959655762,15.65845775604248
Z1515385076,40.4827880859375,38.36046600341797,28.54234504699707
Z2680630178,28.03900909423828,24.96993827819824,22.5555477142334
Z1255446224,17.198400497436523,17.20598030090332,16.674102783203125
Z56851240,18.736194610595703,16.560665130615234,16.41705894470215
Z2588039022,29.44695281982422,26.1074275970459,24.67119026184082
Z234896485,10.612717628479004,8.405781745910645,8.749801635742188
Z104495622,13.475878715515137,11.87529182434082,11.925614356994627
Z1509139960,21.196964263916016,19.9255313873291,16.26384925842285
Z1592709025,16.935745239257812,15.950323104858398,16.307079315185547
Z104485030,17.225200653076172,16.53408432006836,16.03156852722168
Z756430566,15.733804702758787,13.270718574523926,11.258875846862791
Z104499140,16.797060012817383,15.813255310058594,14.636992454528809
Z351640822,25.331457138061523,22.840917587280277,22.414331436157227
Z1201617823,11.364997863769531,9.21896743774414,9.175005912780762
Z56922101,24.093053817749023,23.26360321044922,23.190155029296875
Z2065671185,26.123722076416016,27.360748291015625,27.546913146972656
Z1546616204,20.9173526763916,16.198179244995117,18.15579605102539
Z1546610483,19.039247512817383,16.948591232299805,16.361896514892578
Z335430322,15.66748332977295,17.5980167388916,16.722280502319336
Z3066893590,16.613807678222656,12.753866195678713,12.988476753234863
Z2568613921,23.76425552368164,20.791208267211918,20.20858764648437
Z104476858,19.31885528564453,18.53763771057129,16.736101150512695
Z56761309,30.94756126403809,30.32131576538086,31.83921432495117
Z2037280076,49.98800659179688,48.50421524047852,47.15894317626953
Z2724205341,29.93589973449707,27.9826602935791,21.03759384155273
Z1546616201,24.84578895568848,25.39554977416992,17.92009735107422
Z104509094,10.780467987060549,8.089159965515137,7.711315631866455
Z1617901125,21.86505126953125,20.72211456298828,19.776588439941406
Z1511483974,18.318981170654297,18.75592041015625,19.75098419189453
Z1521549186,26.32845687866211,24.46469497680664,21.24477767944336
Z1541758727,25.820749282836918,27.441150665283203,25.21674156188965
Z1546616192,29.170000076293945,26.21302795410156,24.06920623779297
Z2681891323,29.894723892211918,28.891313552856445,25.00924301147461
Z2065671687,25.31120109558105,24.65171241760254,21.67455101013184
Z3219847383,10.616941452026367,9.607758522033691,9.829659461975098
Z2065671295,40.279441833496094,34.07455825805664,22.65677261352539
Z57980178,19.43214225769043,18.43844223022461,19.50348281860352
Z1551967555,25.13494682312012,19.07863044738769,18.234580993652344
Z57931208,15.244537353515623,11.567264556884766,14.821032524108888
Z104473074,13.675050735473633,10.581854820251465,9.88887882232666
Z1546624232,43.49736404418945,41.880069732666016,26.816389083862305
Z3219503092,50.66887283325195,43.60373306274414,34.42234420776367
Z2753379879,17.979524612426758,16.551584243774414,16.428035736083984
Z1020762628,14.474681854248049,15.719881057739258,16.48277473449707
Z1557400301,26.41661834716797,26.374977111816406,26.05116844177246
Z1557407327,27.37548828125,25.584030151367188,20.644346237182617
Z1552200029,29.97183609008789,30.470054626464844,27.966657638549805
Z1511483977,29.079296112060547,27.799732208251957,21.586503982543945
Z1741982024,23.293148040771484,24.44266700744629,20.99225425720215
Z2216885372,53.36878204345703,52.18655014038086,25.76041412353516
Z982131798,9.255855560302734,9.278656959533691,8.509108543395996
Z104473820,14.488259315490724,12.93186855316162,13.18385887145996
Z1741975772,22.464439392089844,19.837207794189453,19.60924530029297
Z1198155511,14.11474895477295,11.868054389953612,13.151317596435549
Z104474158,9.451152801513672,6.697710514068604,7.425814628601074
Z1741976844,27.48397827148437,28.22101402282715,25.071495056152344
Z1562203528,26.854122161865234,23.933504104614254,20.16012954711914
Z56754480,10.374370574951172,9.695050239562988,8.585831642150879
Z1741977297,21.480302810668945,20.76705741882324,17.890596389770508
Z1824014879,34.896949768066406,31.83144760131836,27.27074432373047
Z104492884,17.936283111572266,18.101852416992188,13.992140769958496
Z754931262,43.25496673583984,35.64718246459961,32.999114990234375
Z2301684603,31.23825454711914,30.43800544738769,31.54800796508789
Z2471178866,35.064815521240234,30.514671325683597,32.4091682434082
Z58981801,17.961681365966797,13.705376625061035,15.632556915283203
Z336079954,14.543776512145996,12.429605484008787,13.196710586547852
Z4670676681,60.42342376708984,61.1705207824707,45.71588516235352
Z756475348,22.963573455810547,25.16272354125977,25.74354553222656
Z2144222809,38.34389114379883,34.85606384277344,30.124547958374023
Z104477882,23.322328567504883,22.153228759765625,22.264116287231445
Z1521553705,21.58482551574707,18.706836700439453,17.982255935668945
Z235354561,17.99962615966797,18.62387084960937,19.30311584472656
Z1880962282,29.62308692932129,25.02666664123535,24.84853744506836
Z756456072,11.431628227233888,11.291252136230469,10.299785614013672
Z275534804,12.971909523010254,12.457247734069824,12.06687068939209
Z600419582,14.57558822631836,12.797236442565918,11.715865135192873
Z1521553982,36.6959114074707,33.559326171875,27.40468978881836
Z2242128693,25.67626190185547,21.113035202026367,19.669620513916016
Z1521553983,26.393115997314453,24.33448982238769,21.386375427246094
Z2235801839,22.76217269897461,22.378273010253903,22.50776672363281
Z44591715,18.98856735229492,17.029260635375977,16.158641815185547
Z2037279770,26.614015579223636,27.06384658813477,21.41493034362793
Z90123586,20.18268775939941,17.114063262939453,17.319490432739258
Z276115700,17.593997955322266,18.16536903381348,14.866799354553224
Z3026628192,43.22570037841797,42.32158660888672,40.38868713378906
Z1198155477,16.656757354736328,11.889501571655272,11.373788833618164
Z2588040189,16.333005905151367,14.838830947875977,13.550764083862305
Z802671522,20.585697174072266,20.431612014770508,17.191396713256836
Z2568647847,19.73116111755371,18.63982582092285,19.037277221679688
Z56926638,26.955738067626957,27.044538497924805,26.73855781555176
Z1741968261,22.21729850769043,19.49469947814941,19.194223403930664
Z277942268,24.38507652282715,23.88745880126953,22.360654830932617
Z3207130728,36.00361633300781,32.32852554321289,26.56768798828125
Z1501485353,24.7628231048584,23.095962524414062,21.068119049072266
Z31382955,21.622901916503903,22.722888946533203,22.42860412597656
Z1537384907,35.57437896728516,37.24006271362305,37.141414642333984
Z2244578658,13.118315696716309,8.961247444152832,11.757439613342283
Z2527624834,31.964807510375977,29.294389724731445,30.33069610595703
Z1255485183,11.486841201782228,11.401463508605955,11.735583305358888
Z2756516872,25.376659393310547,16.29973602294922,21.410051345825195
Z91274084,29.8262882232666,29.079479217529297,27.233552932739254
Z2417819564,41.14278411865234,38.83649063110352,42.338993072509766
Z1497043450,19.258146286010746,18.37580299377441,18.637331008911133
Z2242062173,26.92214584350586,24.96908950805664,22.307626724243164
Z1198149813,12.139511108398438,10.472432136535645,9.803404808044434
Z756440056,20.891136169433597,17.949010848999023,20.23887634277344
Z31369389,25.30984878540039,24.22976303100586,22.724523544311523
Z1741977003,27.28394889831543,25.103395462036133,23.15154457092285
Z2301534047,17.573925018310547,17.69086456298828,16.70218276977539
Z1558572526,22.69254302978516,21.203340530395508,21.834596633911133
Z2588038982,30.880035400390625,29.64331817626953,33.99394607543945
Z57127453,10.786087036132812,8.940777778625488,9.25939655303955
Z2235801945,25.034887313842773,22.6976261138916,20.33731460571289
Z1889837352,23.559104919433597,23.457609176635746,21.78706359863281
Z2025569265,22.06500625610352,20.221820831298828,18.70009994506836
Z1575081877,34.7266845703125,26.934619903564453,26.97373962402344
Z756430564,11.145435333251951,9.193636894226074,8.79136848449707
Z1501475008,27.56654930114746,26.86493492126465,25.74009323120117
Z3015912776,10.824742317199709,10.049721717834473,9.001580238342285
Z1741977143,15.683722496032717,14.114895820617676,12.708311080932615
Z221101674,19.31244659423828,16.369434356689453,14.302545547485352
Z1515385084,26.18659019470215,25.092573165893555,22.9293155670166
Z2216885221,54.539363861083984,53.61939239501953,58.22289276123047
Z2044741046,24.07830047607422,22.84579086303711,22.885053634643555
Z99599698,21.36815452575684,16.14344024658203,15.920247077941896
Z56914861,14.112818717956545,14.085269927978516,14.396456718444824
Z1514087129,29.280799865722656,25.65043830871582,29.10269546508789
Z275375166,31.478178024291992,26.660722732543945,22.764484405517575
Z2235802251,20.095991134643555,16.183961868286133,23.494638442993164
Z1541759499,28.001169204711918,24.211801528930664,25.23853302001953
Z1741979782,32.86836624145508,31.2908935546875,26.06553077697754
Z104476418,14.386212348937988,12.972250938415527,13.84395980834961
Z104477910,16.654924392700195,13.545492172241213,13.44385814666748
Z2235802138,45.30148696899414,44.20524978637695,41.96223831176758
Z667611948,26.692081451416016,21.762636184692383,23.36346435546875
Z1198155421,11.625452995300291,11.290623664855955,10.603157043457031
Z31251611,37.74123001098633,32.08375930786133,29.66932487487793
Z1590789254,21.551637649536133,19.669891357421875,18.69264411926269
Z57198677,15.852775573730469,15.847200393676758,18.33786964416504
Z57127439,12.431986808776855,10.912673950195312,8.962686538696289
Z2568648411,40.01018905639648,40.0672721862793,20.62531089782715
Z1954801710,16.597780227661133,13.067475318908691,14.070034980773926
Z756391748,29.77304077148437,27.77530288696289,26.590229034423828
Z1546616198,28.460100173950195,27.88133430480957,22.173887252807617
Z1255449978,15.108951568603516,12.160504341125488,13.518136978149414
Z111781330,20.88039779663086,16.054332733154297,17.189786911010742
Z104475058,23.46870422363281,18.19720268249512,17.799121856689453
Z1172207721,26.96985626220703,26.60630226135254,21.918123245239254
Z756438860,9.833752632141112,9.42664623260498,7.730004787445068
Z1501485368,36.13370513916016,32.96095657348633,29.60891914367676
Z1552192759,39.8159065246582,40.72801971435547,31.369340896606445
Z3207130668,25.549880981445312,23.166202545166016,20.743309020996094
Z1449775098,17.271427154541016,13.174102783203123,14.023919105529783
Z3069281092,36.06120681762695,35.86463165283203,32.83076477050781
Z1501475006,30.096466064453125,27.058130264282227,22.32950210571289
Z104495272,13.496204376220703,11.907010078430176,12.1646089553833
Z90122510,16.100797653198242,14.769405364990234,13.210260391235352
Z2583205878,23.21953010559082,22.544170379638672,23.46946907043457
Z1954806455,29.82168960571289,28.17940139770508,24.99787712097168
Z2037280642,31.04870986938477,30.43217658996582,26.387575149536133
Z1245537944,10.539021492004396,5.410690307617188,6.573113441467285
Z57202572,18.79645156860352,14.757960319519045,15.539363861083984
Z1546621745,19.58808135986328,21.43087577819824,19.69530296325684
Z2050038784,13.855956077575684,14.68700885772705,11.530658721923828
Z57152561,19.978317260742188,19.16887855529785,21.1140079498291
Z2216907255,36.48794555664063,35.21688461303711,28.38698387145996
Z1954804966,17.8359375,15.43642807006836,13.41720962524414
Z754918912,39.587493896484375,35.0535888671875,23.240503311157227
Z85888809,13.399741172790527,11.583280563354492,12.1819429397583
Z104495240,8.360997200012207,7.13959550857544,7.164480686187744
Z57126994,16.85995101928711,15.470333099365234,15.014266967773438
Z104483432,23.42109489440918,19.00538825988769,20.084930419921875
Z1515385075,36.38262939453125,33.25791549682617,33.62110137939453
Z1255415487,11.607536315917969,10.26702117919922,9.655071258544922
Z8781773424,39.34238052368164,38.226165771484375,33.75835418701172
Z1198154206,10.15121841430664,8.5353422164917,7.6550798416137695
Z1278926502,11.919930458068848,9.961132049560549,11.106866836547852
Z1509562802,17.776208877563477,19.08686828613281,17.319110870361328
Z649373426,12.626809120178224,12.77122402191162,11.871800422668455
Z1546616205,32.34467315673828,33.54033279418945,25.31746482849121
Z1551967075,26.90414428710937,24.7852725982666,26.055532455444336
Z2937147473,43.88005065917969,37.30999374389648,25.85807991027832
Z2106607416,19.46023750305176,14.971346855163574,18.12483787536621
Z275128596,30.68541717529297,30.294139862060547,27.764257431030277
Z1554103331,23.364486694335938,22.18593406677246,20.14250946044922
Z1465002628,17.634000778198242,21.05523681640625,19.176271438598636
Z1558483766,32.50830078125,31.440593719482425,30.83904266357422
Z2588038960,20.11160087585449,19.99294662475586,17.47327995300293
Z104477466,27.339405059814453,20.378023147583008,22.434959411621094
Z1541759373,38.380149841308594,37.93044662475586,34.48720932006836
Z1255464975,14.120814323425291,14.654999732971191,14.172399520874023
Z212714982,19.799619674682617,20.49754905700684,17.847105026245117
Z1551900864,35.65498733520508,36.66495895385742,24.140756607055664
Z2588064174,35.59660720825195,33.07094192504883,33.472862243652344
Z104473434,15.653925895690918,12.98658275604248,12.371699333190918
Z1501480423,30.03062438964844,28.706411361694336,23.980302810668945
Z57953030,16.729999542236328,17.39963722229004,16.051631927490234
Z1948010801,29.16469955444336,28.24361991882324,22.3967399597168
Z2185283535,37.63836669921875,36.80841064453125,33.438865661621094
Z2037279542,47.641883850097656,48.05694580078125,29.83244132995605
Z56786458,22.19303321838379,18.732133865356445,18.28085708618164
Z234896463,18.180923461914062,18.02128028869629,14.312893867492676
Z56836691,14.959372520446776,15.556395530700684,11.320942878723145
Z2235801852,29.573524475097656,25.56825065612793,22.510047912597656
Z56922173,14.666428565979004,14.76877784729004,14.30453872680664
Z1201619320,15.913777351379396,11.899035453796388,10.10904598236084
Z2106590248,16.361553192138672,14.85897159576416,13.04122543334961
Z1222399234,12.874130249023438,10.611875534057615,10.676912307739258
Z955123630,14.660812377929688,12.87605094909668,11.54059600830078
Z241910386,25.263507843017575,26.612045288085938,24.39707374572754
Z57127440,13.894625663757324,13.640021324157717,11.869566917419434
Z59181917,7.128293991088867,5.596832275390625,5.4092888832092285
Z812534818,11.58421516418457,10.288983345031738,10.93470287322998
Z1255381648,14.739879608154297,13.438222885131836,14.211555480957031
Z1837762189,38.59676361083984,31.77461814880371,32.14365768432617
Z1546610475,29.2935733795166,26.75735282897949,26.38545036315918
Z1557399790,41.834999084472656,40.6312255859375,37.045780181884766
Z53833295,15.908085823059082,13.539108276367188,14.95985984802246
Z1718280150,34.77800369262695,34.687713623046875,35.53595733642578
Z1235945951,19.29739761352539,18.535757064819336,17.415313720703125
Z1521553845,32.27854537963867,26.47175025939941,28.16834259033203
Z756468010,14.359468460083008,15.596980094909668,13.744378089904783
Z1318255133,25.229530334472656,22.49214744567871,22.332992553710938
Z57103974,21.95116233825684,13.079121589660645,14.758437156677246
Z2311928354,19.69078826904297,16.852718353271484,18.05954360961914
Z53835984,18.61996841430664,17.12666130065918,14.895984649658203
Z1544404947,16.80887794494629,15.502445220947266,19.600000381469727
Z2417557127,34.80610275268555,32.78834533691406,28.01644325256348
Z55135799,21.250078201293945,14.969860076904297,12.519347190856934
Z1269642575,28.016990661621094,26.80908203125,26.02005195617676
Z104495238,11.238736152648926,10.617947578430176,8.993924140930176
Z2417556930,28.28598403930664,22.350934982299805,24.832279205322266
Z2568712703,38.77970504760742,32.360633850097656,33.20390319824219
Z3905817531,38.401397705078125,36.16810607910156,30.299867630004883
Z743362616,19.45157623291016,17.683134078979492,17.650697708129883
Z99599540,21.980941772460938,20.941904067993164,18.977256774902344
Z104507896,17.04065704345703,17.627164840698242,17.092924118041992
Z2681891492,23.235824584960938,19.97233772277832,24.2791805267334
Z1182332248,31.819664001464844,30.89727020263672,25.355466842651367
Z2042042504,36.89497375488281,33.62905502319336,31.3418083190918
Z1515385077,17.14936065673828,14.843363761901855,14.439156532287598
Z275127478,40.068824768066406,34.55728912353516,37.26936721801758
Z3041521791,42.07675552368164,38.34016799926758,30.11673355102539
Z104508594,23.13409805297852,17.613468170166016,17.100217819213867
Z1515385074,24.811357498168945,21.883272171020508,16.393390655517578
Z1546610480,32.26435852050781,30.028549194335938,26.58848190307617
Z1530532755,21.360788345336918,19.733789443969727,19.443681716918945
Z1269122570,20.182632446289062,17.60254669189453,18.307960510253903
Z104473900,5.093750476837158,3.8551297187805176,3.678764820098877
Z1137167676,34.08573532104492,22.274024963378903,29.005661010742188
Z1494829512,32.944820404052734,30.05006599426269,31.62527656555176
Z1544404495,26.030834197998047,25.90806579589844,26.60273551940918
Z2831495606,41.90156555175781,37.13447189331055,41.065650939941406
Z2588038976,15.596150398254396,13.887730598449709,13.749873161315918
Z1269171738,15.16994857788086,12.288843154907228,11.150370597839355
Z759291658,33.16579818725586,34.61565017700195,28.616064071655277
Z2289798874,33.64824295043945,30.70392799377441,28.72401237487793
Z2681890595,29.52083396911621,28.293949127197266,23.817665100097656
Z2289761610,17.17198371887207,15.155454635620115,13.989741325378418
Z3313642143,37.57099914550781,34.42485046386719,24.57308387756348
Z53833825,22.09483337402344,20.057849884033203,15.498284339904783
Z316101664,15.574030876159668,13.14096450805664,12.516334533691406
Z87001124,9.030452728271484,8.974542617797852,9.342594146728516
Z57355370,15.34820556640625,15.269680976867676,16.076541900634766
Z2235802230,29.373226165771484,26.297239303588867,24.61173820495605
Z1269141329,12.197103500366213,11.834893226623535,12.490249633789062
Z1575268710,33.26490783691406,31.607128143310547,25.48344993591309
Z1650127771,26.8111629486084,23.29052352905273,20.365880966186523
Z1734282227,33.40665054321289,31.57254409790039,26.53218078613281
Z2768134941,34.84233856201172,34.78770065307617,21.10546112060547
Z56347226,13.496552467346191,13.920215606689451,13.563157081604004
Z104499156,16.47598648071289,13.830763816833496,11.401498794555664
Z2587996508,32.52978515625,27.175840377807617,25.33308219909668
Z53843610,15.862838745117188,16.456863403320312,13.18133544921875
Z732242096,24.811492919921875,25.43197250366211,21.92321014404297
Z57825347,17.800233840942383,19.38606834411621,18.004615783691406
Z1741982921,22.904186248779297,20.579952239990234,21.76061248779297
Z57479431,25.945613861083984,23.982328414916992,18.810361862182617
Z2242135673,31.82754135131836,29.32090187072754,28.87850379943848
Z57183224,16.649293899536133,15.053862571716309,14.614380836486816
Z1592690523,34.575565338134766,31.831151962280277,19.92145538330078
Z2044793215,24.1232967376709,24.50200653076172,25.180315017700195
Z277559098,18.952531814575195,18.68305015563965,15.600234985351562
Z104478940,24.398202896118164,23.69925117492676,24.126489639282227
Z1980444597,30.469173431396484,29.3217887878418,25.7509880065918
Z2235801830,43.09549331665039,35.75578689575195,24.651857376098636
Z2568727518,49.26021194458008,50.329551696777344,52.04441452026367
Z1255487817,16.18646812438965,12.926153182983398,15.407674789428713
Z228668542,19.87356185913086,18.433351516723636,16.662250518798828
Z1541759896,17.060543060302734,16.612422943115234,14.63931941986084
Z1521554012,30.504093170166016,28.54272079467773,24.064905166625977
Z2588063492,37.57559585571289,34.98910140991211,31.94738006591797
Z1365432828,18.86700820922852,17.78336524963379,16.34125518798828
Z2044771577,18.35457992553711,20.016511917114254,17.690771102905273
Z239859926,24.96129608154297,22.55841064453125,22.77259063720703
Z2235811359,23.551576614379883,19.84060859680176,18.254159927368164
Z104472374,18.76062774658203,13.158636093139648,14.484326362609863
Z2216887959,37.41795349121094,34.98444366455078,33.31117248535156
Z1066276474,10.833697319030762,10.800360679626465,9.356045722961426
Z2037279473,39.37614822387695,35.1158332824707,34.11851119995117
Z2311825421,23.41952896118164,22.90934944152832,22.774494171142575
Z203045076,12.17043113708496,13.061972618103027,12.2760648727417
Z2037280951,30.72511100769043,31.719558715820312,37.12978744506836
Z1546610485,50.13903427124024,47.2280502319336,48.78790283203125
Z56869297,11.600715637207031,11.18488883972168,9.491073608398438
Z2588039015,29.179035186767575,25.15837860107422,24.389589309692383
Z248489432,8.035305976867676,5.696314334869385,8.292262077331543
Z2077740507,34.42936325073242,31.935565948486328,28.982437133789062
Z104473554,8.688518524169922,8.351398468017578,7.181373596191406
Z1486007281,11.083776473999023,8.556169509887695,9.641253471374512
Z3243814745,41.39501953125,39.43536758422852,31.667184829711918
Z2235801977,21.825069427490234,17.091686248779297,18.38504409790039
Z1541759222,24.22941780090332,22.694467544555664,20.21473503112793
Z1537603096,26.10648536682129,25.05188751220703,21.804399490356445
Z1198279578,20.140783309936523,20.140783309936523,15.425990104675291
Z2301287926,20.68572998046875,20.45171356201172,18.51987075805664
Z2315575694,29.21476554870605,27.24183654785156,27.72771644592285
Z2520891696,30.722558975219727,28.9373779296875,25.43270301818848
Z1532363097,33.52303695678711,29.72846794128418,27.825916290283203
Z195110238,35.21062469482422,34.35953140258789,32.44511032104492
Z608353996,26.581790924072266,21.5540714263916,21.627416610717773
Z27661938,22.27757835388184,22.07525062561035,20.32508087158203
Z1696861853,14.412410736083984,12.887677192687988,11.03512191772461
Z203045042,14.742148399353027,11.38486671447754,11.468103408813477
Z1255486556,17.011003494262695,13.964311599731444,15.02648639678955
Z147642460,18.43494415283203,15.065102577209473,15.704771041870115
Z104474418,19.81954002380371,17.808551788330078,13.841876029968262
Z1546616207,31.376564025878903,29.847110748291016,34.662071228027344
Z2037280438,41.19799423217773,36.24164581298828,36.859771728515625
Z756440050,11.35780906677246,10.64397430419922,9.475340843200684
Z56828371,23.23058319091797,16.157005310058594,16.192941665649414
Z1530532760,25.301910400390625,24.73817253112793,24.268461227416992
Z274728816,24.117223739624023,22.88958168029785,21.09317398071289
Z56761710,20.845287322998047,20.81768035888672,20.13579559326172
Z2587996957,39.17056274414063,36.197044372558594,38.80351638793945
Z2311575452,25.09328269958496,26.00035095214844,24.37723159790039
Z2235802256,32.50709915161133,30.939298629760746,20.5529842376709
Z1154378309,14.775298118591309,11.62660026550293,12.341752052307127
Z1255379534,11.436636924743652,10.01715850830078,9.962342262268066
Z2568665260,38.68547821044922,32.79685592651367,27.158592224121094
Z2587996953,37.371463775634766,34.19496536254883,30.57184410095215
Z104475612,26.65963554382324,25.010574340820312,20.192710876464844
Z57117643,15.331089973449709,14.330798149108888,13.073835372924805
Z56896159,35.66679763793945,29.02052116394043,27.96319580078125
Z234895119,13.86617946624756,12.792011260986328,11.208559036254885
Z1269240018,11.691426277160645,12.00709056854248,12.208369255065918
Z3223135042,45.61417007446289,45.7247200012207,31.97316169738769
Z2568619526,32.89897155761719,25.815019607543945,24.329500198364254
Z1521553713,38.07822036743164,38.0891227722168,28.73290061950684
Z2289798859,38.86096954345703,34.23301315307617,25.91824150085449
Z2587996507,19.18242835998535,18.574783325195312,17.44993782043457
Z82177056,19.972938537597656,21.612571716308597,19.578174591064453
Z1143441555,10.336077690124512,8.823017120361328,9.821308135986328
Z104493622,25.22015380859375,24.39913558959961,22.016185760498047
Z104498572,13.669750213623049,13.606221199035645,13.311582565307615
Z1954806063,18.860898971557617,17.058273315429688,19.00103759765625
Z1255461260,8.479168891906738,7.708949565887451,8.108553886413574
Z1501485359,45.73884582519531,40.1003303527832,40.171756744384766
Z2685925293,13.002097129821776,8.060873985290527,10.015997886657717
Z1255427181,16.81214714050293,17.913925170898438,19.58180046081543
Z1741975591,16.35805320739746,15.711777687072754,14.923364639282228
Z2587758505,30.197490692138672,30.820274353027344,25.999095916748047
Z362014242,6.703197002410889,4.943258762359619,4.708592891693115
Z1522567174,10.414823532104492,8.024934768676758,8.479074478149414
Z1262254191,21.992015838623047,18.97896957397461,20.462766647338867
Z3234818655,30.09922790527344,25.98241806030273,25.961593627929688
Z1741982569,27.84036636352539,28.98788452148437,23.836196899414062
Z57901905,14.852323532104492,11.46998691558838,11.71737003326416
Z1509558249,19.04816436767578,17.10006332397461,16.672286987304688
Z1592690521,18.03929328918457,15.58159351348877,16.207794189453125
Z2467077030,20.27724838256836,21.60079574584961,21.461212158203125
Z1341543331,27.047283172607425,29.72480583190918,26.988435745239254
Z754931258,35.14625930786133,32.660884857177734,28.852663040161133
Z2235811339,27.26554107666016,22.94967460632324,25.003963470458984
Z1530425064,29.72772026062012,27.983274459838867,26.785947799682617
Z2312273468,27.58847045898437,26.063350677490234,26.536073684692383
Z1501485354,32.705055236816406,29.25500869750977,23.00998878479004
Z1575277625,32.714107513427734,29.227087020874023,27.644672393798828
Z2568722545,35.794429779052734,37.47867584228516,38.69603729248047
Z56821717,15.522847175598145,15.073042869567873,13.640934944152832
Z2588038997,34.56321716308594,32.91950607299805,25.749324798583984
Z2037281137,34.828025817871094,31.57343292236328,23.969802856445312
Z1501485351,29.572021484375,27.683429718017575,25.38926124572754
Z57664072,24.22223472595215,23.62996864318848,23.904939651489254
Z1269228108,12.619000434875488,10.805275917053224,9.508218765258787
Z2587996506,42.812496185302734,39.7404670715332,33.22768783569336
Z2235802810,13.640841484069824,11.835508346557615,12.800296783447266
Z2588040198,19.98849868774414,20.284555435180664,20.39694023132324
Z104500108,23.43313789367676,22.34159278869629,22.520130157470703
Z3281948767,27.905881881713867,24.83384132385254,21.5157413482666
Z2315574947,10.797066688537598,9.838048934936523,8.682109832763672
Z1695772815,23.55154037475586,22.568273544311523,21.335840225219727
Z2315585555,13.897521018981934,11.375787734985352,11.547303199768066
Z1557492145,25.50456428527832,22.18231010437012,22.704151153564453
Z2315574891,22.543550491333008,21.778125762939453,22.77238655090332
Z1416203075,27.581573486328125,27.585357666015625,25.83657455444336
Z1172235461,17.278100967407227,11.647485733032228,12.0437593460083
Z2237335016,16.314666748046875,13.294631958007812,14.372567176818848
Z2242164525,23.458515167236328,20.42695999145508,22.35062599182129
Z1546610490,29.334646224975582,26.912260055541992,21.722766876220703
Z2382058334,37.76803970336914,34.146480560302734,28.89883804321289
Z2235801846,31.1225700378418,28.66720199584961,21.79094123840332
Z2583384655,33.74629592895508,29.51512718200684,31.90857696533203
Z1557400300,23.967866897583008,23.567258834838867,20.27136993408203
Z2108698963,30.24038314819336,28.648557662963867,23.0325870513916
Z252849348,20.30259704589844,19.160707473754883,15.930493354797363
Z2299468139,16.20378303527832,16.540124893188477,16.0817813873291
Z1558504346,40.82560348510742,36.263797760009766,32.165794372558594
Z275128584,26.543798446655277,23.491878509521484,23.713457107543945
Z31723661,12.343621253967283,12.30504322052002,12.947054862976074
Z2379810058,21.571701049804688,22.3442497253418,21.33812713623047
Z2235801862,44.44996643066406,41.02918243408203,30.95830726623535
Z1501480413,41.44984436035156,38.28524017333984,37.23619842529297
Z56889474,15.007279396057127,10.432695388793944,11.525604248046877
Z2183947556,18.84618186950684,17.57413673400879,19.218734741210938
Z1741976872,25.13821220397949,23.239898681640625,20.669452667236328
Z1137008901,27.650053024291992,27.19915580749512,26.522090911865234
Z1255438640,15.49110507965088,12.573177337646484,13.129576683044434
Z2588040125,28.516132354736328,25.158117294311523,21.307273864746094
Z1251172867,27.51630210876465,30.210264205932617,29.14837455749512
Z57727844,17.462438583374023,14.985143661499023,15.026567459106444
Z1592690505,30.13395118713379,25.660398483276367,20.47772026062012
Z2235801883,35.945587158203125,36.74592971801758,33.7011833190918
Z2756516920,50.94698715209961,52.4632453918457,52.28184509277344
Z1198155438,19.941505432128903,16.383441925048828,15.730680465698242
Z1541759894,33.3267936706543,30.644681930541992,28.46965217590332
Z405702410,14.54943561553955,11.194870948791504,11.934664726257324
Z1592690502,26.39431953430176,23.971065521240234,23.595378875732425
Z223042524,16.511320114135742,15.173049926757812,13.654464721679688
Z56797275,21.022550582885746,20.689109802246094,19.878643035888672
Z1546610488,21.16720962524414,21.20890045166016,21.473426818847656
Z1269196032,9.423833847045898,11.54054069519043,9.625849723815918
Z1551627167,33.36518859863281,35.960670471191406,24.09416007995605
Z1514053266,22.262903213500977,19.32079124450684,20.67440414428711
Z1741978506,18.581790924072266,17.07130241394043,20.49066734313965
Z1820079046,13.664628028869627,12.70612907409668,12.682310104370115
Z104476282,16.458581924438477,14.514354705810549,13.756413459777832
Z1541759903,27.82372093200684,24.45296859741211,25.366811752319336
Z1954802409,7.707956314086914,7.13529109954834,7.377633571624756
Z1741968270,28.931262969970703,26.88360595703125,28.928071975708008
Z2379810069,24.886497497558597,21.898624420166016,25.134183883666992
Z1521553844,35.494041442871094,31.92716789245605,23.01485061645508
Z2568665233,33.86013412475586,32.28032684326172,33.40053176879883
Z754918914,37.223052978515625,31.635440826416016,26.805482864379883
Z608060832,26.351821899414062,22.5256290435791,18.50787925720215
Z1623942918,22.170848846435547,22.385581970214844,20.47973251342773
Z1266873958,17.35276985168457,15.088096618652344,11.984014511108398
Z2065671241,20.702455520629883,18.90911865234375,17.59629249572754
Z276509078,15.719099044799805,11.767621994018556,10.783751487731934
Z1269145231,9.634953498840332,10.466552734375,10.228757858276367
Z2681890654,25.482561111450195,23.386173248291016,25.326845169067383
Z1532338577,25.491100311279297,24.675308227539062,23.70759010314941
Z53829207,28.50141906738281,26.75425910949707,23.653608322143555
Z1521553718,22.92203521728516,17.679399490356445,13.923394203186035
Z2588038957,36.45597076416016,39.10592269897461,40.85878372192383
Z1509470545,15.727374076843262,14.82951831817627,12.962002754211426
Z2213886907,33.43350601196289,33.43350601196289,29.627037048339844
Z754926486,64.14933013916016,62.48340606689453,39.13068771362305
Z1501485370,30.89538955688477,28.85382461547852,26.88096046447754
Z1550648764,13.321414947509766,10.405180931091309,11.71635913848877
Z57127471,17.006587982177734,17.056930541992188,15.698542594909668
Z2417556873,16.367820739746094,15.999133110046388,16.393888473510742
Z2583154880,36.12542724609375,30.26046371459961,31.48954963684082
Z2235802104,55.14729309082031,50.73419189453125,58.55097198486328
Z2235802079,39.16561508178711,37.27899169921875,31.382631301879883
Z1089877620,7.126920223236084,6.4203314781188965,6.488973140716553
Z1501485356,31.08450508117676,30.63036346435547,27.336381912231445
Z277540138,27.557619094848636,27.000810623168945,22.1243839263916
Z971222254,18.477012634277344,20.3903865814209,20.774080276489254
Z1201618663,12.789443016052246,8.750714302062988,9.990594863891602
Z57902203,26.077911376953125,22.344161987304688,26.397438049316406
Z2373117814,38.711334228515625,36.560455322265625,30.578502655029297
Z2681892334,32.456382751464844,33.782691955566406,24.41254234313965
Z995241886,22.836204528808597,21.061098098754883,20.2974910736084
Z231745614,13.796198844909668,14.54539680480957,14.012290000915527
Z57176222,32.870059967041016,34.43722915649414,32.172550201416016
Z1197943321,18.860435485839844,19.125646591186523,18.271547317504883
Z2044782386,18.17426872253418,13.843398094177246,14.00136947631836
Z1552153009,12.184311866760254,14.745091438293455,17.64164161682129
Z104484866,16.393356323242188,16.5830135345459,14.515974044799805
Z2196779550,20.394725799560547,19.639244079589844,15.977901458740234
Z2588038959,32.134063720703125,32.50199508666992,26.49473190307617
Z1416254508,17.715877532958984,14.734106063842772,14.730668067932127
Z385438794,16.33983612060547,13.16429615020752,11.852115631103516
Z1255431202,12.96314525604248,11.562776565551758,10.26924991607666
Z1494829513,36.637916564941406,35.38005828857422,33.56267166137695
Z2312380068,19.01079368591309,17.616111755371094,16.22274398803711
Z301111588,15.857892990112305,15.01297378540039,12.474575996398926
Z594284192,20.74302673339844,20.63832092285156,20.18478202819824
Z1522566622,9.822766304016112,5.9991984367370605,7.742735862731934
Z2242151306,20.727313995361328,19.42365455627441,17.533658981323242
Z277559108,19.63105010986328,17.125581741333008,16.747507095336914
Z1541759501,36.696044921875,31.53302764892578,30.136451721191406
Z1557407143,23.2930850982666,23.816743850708008,23.48237609863281
Z1191880499,18.560283660888672,18.822084426879883,18.591028213500977
Z2065671220,23.89700508117676,23.7728328704834,23.118410110473636
Z2216889767,34.092960357666016,33.761474609375,22.44297409057617
Z1541638525,49.95305252075195,46.71538543701172,41.58203506469727
Z89277543,38.17890930175781,35.71516036987305,23.04767417907715
Z2756516761,26.85906982421875,25.29966163635254,22.76509666442871
Z57233591,19.288646697998047,16.331525802612305,19.85130500793457
Z1160865418,36.942291259765625,32.45020294189453,33.94415283203125
Z1541759502,25.95777130126953,25.01810646057129,19.159574508666992
